schwefel1,Yield
356.99134680215377,403.0454233719017
-309.0047300290056,123.75848185395103
-55.674007109553486,470.42364275539364
